timestamp,symbol,probability,threshold,is_buy,action_taken,price,in_position
2026-04-12T09:07:14.053973,MRVL,0.7248,0.8255,False,NO_ACTION,128.44,False
2026-04-12T09:07:14.283650,CRWV,0.7222,0.8255,False,NO_ACTION,101.96,False
2026-04-12T09:07:14.511401,TPL,0.8181,0.8255,False,NO_ACTION,409.99,False
2026-04-12T09:07:14.741801,ALAB,0.7092,0.8255,False,NO_ACTION,149.08,False
2026-04-12T09:07:14.969575,AAOI,0.7481,0.8255,False,NO_ACTION,150.48,False
2026-04-12T09:07:15.198421,LGN,0.7573,0.8255,False,NO_ACTION,63.23,False
2026-04-12T09:07:15.425896,CVLT,0.7021,0.8255,False,NO_ACTION,88.93,False
2026-04-12T09:07:15.692328,VERA,0.742,0.8255,False,NO_ACTION,45.015,False
2026-04-12T09:07:15.921498,OGN,0.7666,0.8255,False,NO_ACTION,8.85,False
2026-04-12T09:07:16.319994,LWLG,0.7132,0.8255,False,NO_ACTION,10.61,False
2026-04-12T09:07:16.546232,SPIR,0.7377,0.8255,False,NO_ACTION,21.555,False
2026-04-12T09:07:16.768628,MFI,0.5083,0.8255,False,NO_ACTION,13.96,False
2026-04-12T09:07:17.002677,ALOY,0.7809,0.8255,False,NO_ACTION,11.815,False
2026-04-12T09:07:17.224412,GPRK,0.7297,0.8255,False,NO_ACTION,9.41,False
2026-04-12T09:07:17.455647,ZNTL,0.7429,0.8255,False,NO_ACTION,6.61,False
2026-04-12T09:07:17.679772,RBBN,0.7345,0.8255,False,NO_ACTION,2.465,False
2026-04-12T09:07:17.905865,TOYO,0.7323,0.8255,False,NO_ACTION,11.365,False
2026-04-12T09:07:18.125122,OTLY,0.7336,0.8255,False,NO_ACTION,12.3,False
2026-04-12T09:07:18.360771,MRLN,0.6524,0.8255,False,NO_ACTION,10.95,False
2026-04-15T14:52:25.713358,HOOD,BUY,0.7348,0.8255,False,NO_ACTION,87.38
2026-04-15T14:52:25.852435,IONQ,BUY,0.7588,0.8255,False,NO_ACTION,43.26
2026-04-15T14:52:25.986199,OWL,BUY,0.7514,0.8255,False,NO_ACTION,9.925
2026-04-15T14:52:26.116132,OKLO,BUY,0.7442,0.8255,False,NO_ACTION,63.34
2026-04-15T14:52:26.256677,SNAP,BUY,0.7397,0.8255,False,NO_ACTION,6.03
2026-04-15T14:52:26.390051,TEM,BUY,0.7076,0.8255,False,NO_ACTION,56.445
2026-04-15T14:52:26.516400,QBTS,BUY,0.7187,0.8255,False,NO_ACTION,20.805
2026-04-15T14:52:26.648221,RGTI,BUY,0.73,0.8255,False,NO_ACTION,19.11
2026-04-15T14:52:26.778099,SYRE,BUY,0.7508,0.8255,False,NO_ACTION,69.02
2026-04-15T14:52:26.920155,SMR,BUY,0.7416,0.8255,False,NO_ACTION,11.72
2026-04-15T14:52:27.053509,BULL,BUY,0.7235,0.8255,False,NO_ACTION,6.46
2026-04-15T14:52:27.185198,INFQ,BUY,0.7391,0.8255,False,NO_ACTION,14.98
2026-04-15T14:52:27.316546,ETOR,BUY,0.7301,0.8255,False,NO_ACTION,36.92
2026-04-15T14:52:27.435706,MLYS,BUY,0.7647,0.8255,False,NO_ACTION,30.425
2026-04-15T14:52:27.563213,MAAS,BUY,0.6346,0.8255,False,NO_ACTION,7.975
2026-04-15T14:52:27.692424,EOSE,BUY,0.7068,0.8255,False,NO_ACTION,7.085
2026-04-15T14:52:27.818818,QUBT,BUY,0.7082,0.8255,False,NO_ACTION,9.39
2026-04-15T14:52:28.011956,NEXA,BUY,0.7017,0.8255,False,NO_ACTION,14.65
2026-04-15T14:52:28.148647,TSHA,BUY,0.7265,0.8255,False,NO_ACTION,5.99
2026-04-15T14:52:28.278908,AESI,BUY,0.816,0.8255,False,NO_ACTION,13.17
2026-04-15T14:52:28.474698,KDK,BUY,0.7478,0.8255,False,NO_ACTION,8.92
2026-04-15T14:52:28.611571,TE,BUY,0.7439,0.8255,False,NO_ACTION,5.34
2026-04-15T14:52:28.736914,SEPN,BUY,0.719,0.8255,False,NO_ACTION,25.94
2026-04-15T14:52:28.867413,XNDU,BUY,0.6187,0.8255,False,NO_ACTION,25.11
2026-04-15T14:52:28.996725,MTC,BUY,0.7021,0.8255,False,NO_ACTION,8.98
2026-04-15T14:52:29.127685,BVS,BUY,0.6631,0.8255,False,NO_ACTION,10.57
2026-04-15T14:52:29.257596,NB,BUY,0.6978,0.8255,False,NO_ACTION,5.92
2026-04-15T14:52:29.389751,LBRX,BUY,0.702,0.8255,False,NO_ACTION,29.13
2026-04-15T14:52:29.517690,LAES,BUY,0.749,0.8255,False,NO_ACTION,2.815
2026-04-15T14:52:29.920935,PROK,BUY,0.7974,0.8255,False,NO_ACTION,2.0
2026-04-15T14:52:30.052887,ESPR,BUY,0.747,0.8255,False,NO_ACTION,2.17
2026-04-15T14:52:30.182883,ADCT,BUY,0.7713,0.8255,False,NO_ACTION,4.36
2026-04-15T14:52:30.314241,BTQ,BUY,0.7418,0.8255,False,NO_ACTION,3.52
2026-04-15T14:52:30.438093,MRLN,BUY,0.7104,0.8255,False,NO_ACTION,14.35
2026-04-15T14:52:30.564550,SSP,BUY,0.7448,0.8255,False,NO_ACTION,4.8
2026-04-15T14:52:30.716421,LNZA,BUY,0.6349,0.8255,False,NO_ACTION,41.4
2026-04-15T14:52:30.847726,ANGX,BUY,0.7549,0.8255,False,NO_ACTION,2.405
2026-04-15T14:52:30.980932,LAB,BUY,0.7227,0.8255,False,NO_ACTION,0.9786
2026-04-15T14:52:31.159099,NGNE,BUY,0.7608,0.8255,False,NO_ACTION,23.96
2026-04-15T14:52:31.302728,PRLD,BUY,0.7017,0.8255,False,NO_ACTION,5.47
2026-04-15T14:52:31.441576,SLN,BUY,0.6838,0.8255,False,NO_ACTION,7.275
2026-04-15T14:52:31.623663,VFF,BUY,0.7483,0.8255,False,NO_ACTION,2.89
2026-04-15T14:52:31.746718,NUAI,BUY,0.7727,0.8255,False,NO_ACTION,5.12
2026-05-07T18:55:18.554022,QCOM,BUY,0.4443,0.0054,True,DRY_RUN_BUY,202.615
2026-05-07T18:55:18.701345,APP,BUY,0.4174,0.0054,True,DRY_RUN_BUY,498.615
2026-05-07T18:55:18.854892,HWM,BUY,0.4586,0.0054,True,DRY_RUN_BUY,272.6
2026-05-07T18:55:19.008623,FTNT,BUY,0.4597,0.0054,True,DRY_RUN_BUY,108.02
2026-05-07T18:55:19.154360,DDOG,BUY,0.4013,0.0054,True,DRY_RUN_BUY,188.75
2026-05-07T18:55:19.298634,GWW,BUY,0.507,0.0054,True,DRY_RUN_BUY,1234.57
2026-05-07T18:55:19.450454,BDX,BUY,0.5002,0.0054,True,DRY_RUN_BUY,153.22
2026-05-07T18:55:19.593872,AXON,BUY,0.4163,0.0054,True,DRY_RUN_BUY,426.635
2026-05-07T18:55:19.737588,MTSI,BUY,0.4131,0.0054,True,DRY_RUN_BUY,344.63
2026-05-07T18:55:19.888150,SITM,BUY,0.3985,0.0054,True,DRY_RUN_BUY,796.155
2026-05-07T18:55:20.036605,VTRS,BUY,0.4858,0.0054,True,DRY_RUN_BUY,17.385
2026-05-07T18:55:20.182072,PTC,BUY,0.4964,0.0054,True,DRY_RUN_BUY,147.66
2026-05-07T18:55:20.344993,RGC,BUY,0.4584,0.0054,True,DRY_RUN_BUY,31.87
2026-05-07T18:55:20.497185,LAMR,BUY,0.5249,0.0054,True,DRY_RUN_BUY,151.04
2026-05-07T18:55:20.643958,PODD,BUY,0.4056,0.0054,True,DRY_RUN_BUY,160.29
2026-05-07T18:55:20.794115,CGNX,BUY,0.4605,0.0054,True,DRY_RUN_BUY,65.93
2026-05-07T18:55:20.936680,AAON,BUY,0.4205,0.0054,True,DRY_RUN_BUY,129.4
2026-05-07T18:55:21.078298,SNEX,BUY,0.4415,0.0054,True,DRY_RUN_BUY,120.77
2026-05-07T18:55:21.225098,PRMB,BUY,0.4456,0.0054,True,DRY_RUN_BUY,22.23
2026-05-07T18:55:21.374373,TECH,BUY,0.4465,0.0054,True,DRY_RUN_BUY,50.885
2026-05-07T18:55:21.518575,ORA,BUY,0.4894,0.0054,True,DRY_RUN_BUY,122.32
2026-05-07T18:55:21.663108,MIDD,BUY,0.4757,0.0054,True,DRY_RUN_BUY,158.15
2026-05-07T18:55:21.815618,BTG,BUY,0.4187,0.0054,True,DRY_RUN_BUY,4.94
2026-05-07T18:55:21.988469,PRIM,BUY,0.3826,0.0054,True,DRY_RUN_BUY,107.94
2026-05-07T18:55:22.142401,RDN,BUY,0.5185,0.0054,True,DRY_RUN_BUY,37.64
2026-05-07T18:55:22.295003,PRM,BUY,0.4242,0.0054,True,DRY_RUN_BUY,29.35
2026-05-07T18:55:22.439880,HRB,BUY,0.47,0.0054,True,DRY_RUN_BUY,36.23
2026-05-07T18:55:22.585868,INSW,BUY,0.4359,0.0054,True,DRY_RUN_BUY,90.28
2026-05-07T18:55:22.729817,BLLN,BUY,0.4151,0.0054,True,DRY_RUN_BUY,92.9
2026-05-07T18:55:22.880523,COLD,BUY,0.448,0.0054,True,DRY_RUN_BUY,14.975
2026-05-07T18:55:23.028152,NP,BUY,0.4313,0.0054,True,DRY_RUN_BUY,30.52
2026-05-07T18:55:23.173189,NAMS,BUY,0.4209,0.0054,True,DRY_RUN_BUY,34.85
2026-05-07T18:55:23.318013,XMTR,BUY,0.3927,0.0054,True,DRY_RUN_BUY,78.43
2026-05-07T18:55:23.460479,ACMR,BUY,0.4102,0.0054,True,DRY_RUN_BUY,59.19
2026-05-07T18:55:23.601676,LIVN,BUY,0.471,0.0054,True,DRY_RUN_BUY,70.88
2026-05-07T18:55:23.747689,RXO,BUY,0.4282,0.0054,True,DRY_RUN_BUY,23.15
2026-05-07T18:55:23.893049,FLNC,BUY,0.403,0.0054,True,DRY_RUN_BUY,18.94
2026-05-07T18:55:24.045462,LFST,BUY,0.4691,0.0054,True,DRY_RUN_BUY,8.83
2026-05-07T18:55:24.221335,SEZL,BUY,0.4315,0.0054,True,DRY_RUN_BUY,99.71
2026-05-07T18:55:24.367136,WRBY,BUY,0.4161,0.0054,True,DRY_RUN_BUY,27.18
2026-05-07T18:55:24.522127,EXK,BUY,0.4233,0.0054,True,DRY_RUN_BUY,10.14
2026-05-07T18:55:24.673526,PTRN,BUY,0.4483,0.0054,True,DRY_RUN_BUY,16.95
2026-05-07T18:55:24.824843,FA,BUY,0.4327,0.0054,True,DRY_RUN_BUY,15.75
2026-05-07T18:55:24.968430,HIMX,BUY,0.4161,0.0054,True,DRY_RUN_BUY,16.03
2026-05-07T18:55:25.119703,PTON,BUY,0.4207,0.0054,True,DRY_RUN_BUY,5.655
2026-05-07T18:55:25.267080,DGII,BUY,0.4809,0.0054,True,DRY_RUN_BUY,62.13
2026-05-07T18:55:25.419078,FUN,BUY,0.4393,0.0054,True,DRY_RUN_BUY,22.74
2026-05-07T18:55:25.566088,BLBD,BUY,0.439,0.0054,True,DRY_RUN_BUY,70.84
2026-05-07T18:55:25.711317,IMOS,BUY,0.4042,0.0054,True,DRY_RUN_BUY,59.51
2026-05-07T18:55:25.961588,RAPP,BUY,0.4252,0.0054,True,DRY_RUN_BUY,39.885
2026-05-07T18:55:26.198598,ENOV,BUY,0.4227,0.0054,True,DRY_RUN_BUY,27.27
2026-05-07T18:55:26.349322,TBLA,BUY,0.4759,0.0054,True,DRY_RUN_BUY,5.195
2026-05-07T18:55:26.495361,IPX,BUY,0.4104,0.0054,True,DRY_RUN_BUY,40.59
2026-05-07T18:55:26.649449,PNTG,BUY,0.4823,0.0054,True,DRY_RUN_BUY,35.76
2026-05-07T18:55:26.805637,ULCC,BUY,0.4023,0.0054,True,DRY_RUN_BUY,5.425
2026-05-07T18:55:26.953717,GENI,BUY,0.4118,0.0054,True,DRY_RUN_BUY,4.76
2026-05-07T18:55:27.105794,WGS,BUY,0.4293,0.0054,True,DRY_RUN_BUY,40.55
2026-05-07T18:55:27.253024,ATEC,BUY,0.4079,0.0054,True,DRY_RUN_BUY,7.75
2026-05-07T18:55:27.407246,CMP,BUY,0.4326,0.0054,True,DRY_RUN_BUY,28.23
2026-05-07T18:55:27.553301,ACVA,BUY,0.3945,0.0054,True,DRY_RUN_BUY,6.5
2026-05-07T18:55:27.698959,VYX,BUY,0.4233,0.0054,True,DRY_RUN_BUY,8.1
2026-05-07T18:55:27.844462,JMIA,BUY,0.4257,0.0054,True,DRY_RUN_BUY,8.7
2026-05-07T18:55:27.988099,AGL,BUY,0.4134,0.0054,True,DRY_RUN_BUY,60.49
2026-05-07T18:55:28.130149,SCSC,BUY,0.5126,0.0054,True,DRY_RUN_BUY,43.355
2026-05-07T18:55:28.273556,RXT,BUY,0.3434,0.0054,True,DRY_RUN_BUY,3.54
2026-05-07T18:55:28.422418,XNDU,BUY,0.3781,0.0054,True,DRY_RUN_BUY,17.34
2026-05-07T18:55:28.574691,OIO,BUY,0.4328,0.0054,True,DRY_RUN_BUY,2.16
2026-05-07T18:55:28.726150,NXDR,BUY,0.4484,0.0054,True,DRY_RUN_BUY,1.91
2026-05-07T18:55:28.874173,HZO,BUY,0.4402,0.0054,True,DRY_RUN_BUY,32.8
2026-05-07T18:55:29.021035,RDVT,BUY,0.4386,0.0054,True,DRY_RUN_BUY,49.1
2026-05-07T18:55:29.170853,CABA,BUY,0.399,0.0054,True,DRY_RUN_BUY,3.975
2026-05-07T18:55:29.320539,DXYZ,BUY,0.4078,0.0054,True,DRY_RUN_BUY,44.97
2026-05-07T18:55:29.464263,ELA,BUY,0.4342,0.0054,True,DRY_RUN_BUY,23.2
2026-05-07T18:55:29.613000,MEC,BUY,0.4182,0.0054,True,DRY_RUN_BUY,26.0
2026-05-07T18:55:29.765976,CLFD,BUY,0.4265,0.0054,True,DRY_RUN_BUY,37.615
2026-05-07T18:55:29.917307,EVH,BUY,0.3827,0.0054,True,DRY_RUN_BUY,4.275
2026-05-07T18:55:30.064505,REAX,BUY,0.4246,0.0054,True,DRY_RUN_BUY,2.21
2026-05-07T18:55:30.215172,CLDT,BUY,0.5038,0.0054,True,DRY_RUN_BUY,9.97
2026-05-07T18:55:30.357505,TTGT,BUY,0.3805,0.0054,True,DRY_RUN_BUY,6.48
2026-05-07T18:55:30.501963,ASPN,BUY,0.3933,0.0054,True,DRY_RUN_BUY,5.105
2026-05-07T18:55:30.649960,CCRN,BUY,0.4752,0.0054,True,DRY_RUN_BUY,13.07
2026-05-07T18:55:30.795332,MAGN,BUY,0.4255,0.0054,True,DRY_RUN_BUY,11.78
2026-05-07T18:55:30.938773,HNST,BUY,0.4312,0.0054,True,DRY_RUN_BUY,3.72
2026-05-07T18:55:31.082662,MCFT,BUY,0.457,0.0054,True,DRY_RUN_BUY,25.63
2026-05-07T18:55:31.229951,XPER,BUY,0.4798,0.0054,True,DRY_RUN_BUY,7.74
2026-05-07T18:55:31.376116,CURR,BUY,0.428,0.0054,True,DRY_RUN_BUY,4.29
2026-05-07T18:55:31.503466,ATGL,BUY,0.437,0.0054,True,DRY_RUN_BUY,15.47
2026-05-12T16:50:07.009352,ARMK,SELL,0.6659,0.0402,True,NO_ACTION,48.755
2026-05-12T16:50:07.163749,LOT,SELL,0.1566,0.0402,True,NO_ACTION,1.49
2026-05-12T16:50:07.304812,ZBRA,SELL,0.8337,0.0402,True,NO_ACTION,253.525
2026-05-12T16:50:14.313484,ELLO,BUY,0.5427,0.0054,True,BUY_ORDER,23.99
2026-05-12T16:50:14.344669,HALO,BUY,0.4764,0.0054,True,BUY_ORDER,72.86
2026-05-12T16:50:14.386972,HLIO,BUY,0.4688,0.0054,True,BUY_ORDER,75.07
2026-05-12T16:50:14.421513,PBT,BUY,0.4668,0.0054,True,BUY_ORDER,28.09
2026-05-12T16:50:14.451390,CNCK,BUY,0.4647,0.0054,True,BUY_ORDER,2.26
2026-05-12T16:50:14.451581,RAL,BUY,0.4644,0.0054,True,NO_ACTION,56.72
2026-05-12T16:50:14.451714,WEN,BUY,0.4569,0.0054,True,NO_ACTION,7.805
2026-05-12T16:50:14.451838,SE,BUY,0.4443,0.0054,True,NO_ACTION,95.04
2026-05-12T16:50:14.451982,BUUU,BUY,0.4424,0.0054,True,NO_ACTION,21.81
2026-05-12T16:50:14.452103,INTR,BUY,0.4423,0.0054,True,NO_ACTION,6.345
2026-05-12T16:50:14.452222,PACS,BUY,0.4402,0.0054,True,NO_ACTION,39.57
2026-05-12T16:50:14.452339,NOVT,BUY,0.4298,0.0054,True,NO_ACTION,151.08
2026-05-12T16:50:14.452457,USBC,BUY,0.4281,0.0054,True,NO_ACTION,0.7996
2026-05-12T16:50:14.452575,ALHC,BUY,0.4246,0.0054,True,NO_ACTION,18.275
2026-05-12T16:50:14.452691,RIGL,BUY,0.4243,0.0054,True,NO_ACTION,28.89
2026-05-12T16:50:14.452820,BAK,BUY,0.4242,0.0054,True,NO_ACTION,4.855
2026-05-12T16:50:14.452958,VSTS,BUY,0.4227,0.0054,True,NO_ACTION,12.23
2026-05-12T16:50:14.453072,SIBN,BUY,0.4221,0.0054,True,NO_ACTION,13.5
2026-05-12T16:50:14.453185,INSM,BUY,0.4182,0.0054,True,NO_ACTION,114.135
2026-05-12T16:50:14.453298,AEVA,BUY,0.4167,0.0054,True,NO_ACTION,16.81
2026-05-12T16:50:14.453408,QUBT,BUY,0.4147,0.0054,True,NO_ACTION,11.49
2026-05-12T16:50:14.453519,DDD,BUY,0.4103,0.0054,True,NO_ACTION,3.0
2026-05-12T16:50:14.453633,VPG,BUY,0.4052,0.0054,True,NO_ACTION,81.275
2026-05-12T16:50:14.453756,PLNT,BUY,0.4014,0.0054,True,NO_ACTION,51.245
2026-05-12T16:50:14.453891,AMBQ,BUY,0.3895,0.0054,True,NO_ACTION,60.27
2026-05-12T16:50:14.454009,NPWR,BUY,0.3894,0.0054,True,NO_ACTION,2.32
2026-05-12T16:50:14.454121,RXT,BUY,0.2916,0.0054,True,NO_ACTION,4.96
2026-05-12T20:13:04.934944,ARMK,BUY,0.514,0.0054,True,BUY_ORDER,48.38
2026-05-12T20:13:05.067869,NGS,BUY,0.4974,0.0054,True,BUY_ORDER,42.53
2026-05-12T20:13:05.197973,HALO,BUY,0.4764,0.0054,True,BUY_ORDER,70.91
2026-05-12T20:13:05.327009,ZBRA,BUY,0.4756,0.0054,True,BUY_ORDER,241.73
2026-05-12T20:13:05.455127,LOT,BUY,0.4704,0.0054,True,BUY_ORDER,1.47
2026-05-12T20:13:05.455292,HLIO,BUY,0.4688,0.0054,True,NO_ACTION,77.55
2026-05-12T20:13:05.455375,PBT,BUY,0.4668,0.0054,True,NO_ACTION,28.07
2026-05-12T20:13:05.455463,RAL,BUY,0.4644,0.0054,True,NO_ACTION,59.13
2026-05-12T20:13:05.455567,WEN,BUY,0.4569,0.0054,True,NO_ACTION,7.9
2026-05-12T20:13:05.455672,DSX,BUY,0.4542,0.0054,True,NO_ACTION,2.9
2026-05-12T20:13:05.455752,SE,BUY,0.4443,0.0054,True,NO_ACTION,96.02
2026-05-12T20:13:05.455851,BUUU,BUY,0.4424,0.0054,True,NO_ACTION,21.81
2026-05-12T20:13:05.455952,INTR,BUY,0.4423,0.0054,True,NO_ACTION,6.4
2026-05-12T20:13:05.456049,PANL,BUY,0.4407,0.0054,True,NO_ACTION,8.65
2026-05-12T20:13:05.456162,PACS,BUY,0.4402,0.0054,True,NO_ACTION,41.07
2026-05-12T20:13:05.456295,KDK,BUY,0.4364,0.0054,True,NO_ACTION,7.93
2026-05-12T20:13:05.456409,URG,BUY,0.4299,0.0054,True,NO_ACTION,1.95
2026-05-12T20:13:05.456520,NOVT,BUY,0.4298,0.0054,True,NO_ACTION,159.16
2026-05-12T20:13:05.456629,ALHC,BUY,0.4246,0.0054,True,NO_ACTION,18.375
2026-05-12T20:13:05.456736,RIGL,BUY,0.4243,0.0054,True,NO_ACTION,29.395
2026-05-12T20:13:05.456842,BAK,BUY,0.4242,0.0054,True,NO_ACTION,4.77
2026-05-12T20:13:05.456947,VSTS,BUY,0.4227,0.0054,True,NO_ACTION,11.97
2026-05-12T20:13:05.457054,SIBN,BUY,0.4221,0.0054,True,NO_ACTION,13.91
2026-05-12T20:13:05.457162,LQDA,BUY,0.4201,0.0054,True,NO_ACTION,56.59
2026-05-12T20:13:05.457282,INSM,BUY,0.4182,0.0054,True,NO_ACTION,116.03
2026-05-12T20:13:05.457399,AEVA,BUY,0.4167,0.0054,True,NO_ACTION,19.09
2026-05-12T20:13:05.457506,ENOV,BUY,0.4149,0.0054,True,NO_ACTION,26.0
2026-05-12T20:13:05.457613,QUBT,BUY,0.4147,0.0054,True,NO_ACTION,11.79
2026-05-12T20:13:05.457721,JMIA,BUY,0.4108,0.0054,True,NO_ACTION,7.955
2026-05-12T20:13:05.457834,DDD,BUY,0.4103,0.0054,True,NO_ACTION,3.11
2026-05-12T20:13:05.457944,VPG,BUY,0.4052,0.0054,True,NO_ACTION,85.6
2026-05-12T20:13:05.458052,ACHV,BUY,0.3953,0.0054,True,NO_ACTION,5.99
2026-05-12T20:13:05.458157,AMBQ,BUY,0.3895,0.0054,True,NO_ACTION,66.4
2026-05-12T20:13:05.458277,NPWR,BUY,0.3894,0.0054,True,NO_ACTION,2.48
2026-05-12T20:13:05.458389,LEGN,BUY,0.3893,0.0054,True,NO_ACTION,28.265
2026-05-12T20:13:05.458495,FCEL,BUY,0.3432,0.0054,True,NO_ACTION,17.12
2026-05-12T20:13:05.458599,KOPN,BUY,0.3086,0.0054,True,NO_ACTION,5.35
2026-05-12T20:13:05.458703,DGXX,BUY,0.2897,0.0054,True,NO_ACTION,8.4
2026-05-12T20:13:05.458809,WOLF,BUY,0.2853,0.0054,True,NO_ACTION,53.76
2026-05-12T20:13:05.458916,MRAM,BUY,0.2519,0.0054,True,NO_ACTION,44.005
2026-05-13T16:14:51.225530,KRNT,BUY,0.4831,0.0054,True,BUY_ORDER,18.625
2026-05-13T16:14:51.374495,BUUU,BUY,0.4706,0.0054,True,BUY_ORDER,20.01
2026-05-13T16:14:51.523532,JD,BUY,0.4692,0.0054,True,BUY_ORDER,33.72
2026-05-13T16:14:51.672038,F,BUY,0.4683,0.0054,True,BUY_ORDER,13.21
2026-05-13T16:14:51.828319,VEON,BUY,0.4635,0.0054,True,BUY_ORDER,56.26
2026-05-13T16:14:51.828545,ORA,BUY,0.4619,0.0054,True,NO_ACTION,134.41
2026-05-13T16:14:51.828721,ONON,BUY,0.4528,0.0054,True,NO_ACTION,35.48
2026-05-13T16:14:51.828868,BABA,BUY,0.4446,0.0054,True,NO_ACTION,143.52
2026-05-13T16:14:51.829018,BEKE,BUY,0.4435,0.0054,True,NO_ACTION,19.53
2026-05-13T16:14:51.829170,GDS,BUY,0.443,0.0054,True,NO_ACTION,45.64
2026-05-13T16:14:51.829328,BCRX,BUY,0.4423,0.0054,True,NO_ACTION,9.425
2026-05-13T16:14:51.829495,BWA,BUY,0.4416,0.0054,True,NO_ACTION,66.51
2026-05-13T16:14:51.829646,ETOR,BUY,0.441,0.0054,True,NO_ACTION,40.385
2026-05-13T16:14:51.829788,CBLL,BUY,0.4407,0.0054,True,NO_ACTION,17.69
2026-05-13T16:14:51.829933,HSAI,BUY,0.4402,0.0054,True,NO_ACTION,23.9
2026-05-13T16:14:51.830078,NIO,BUY,0.4388,0.0054,True,NO_ACTION,6.455
2026-05-13T16:14:51.830222,KC,BUY,0.4374,0.0054,True,NO_ACTION,18.09
2026-05-13T16:14:51.830364,ICL,BUY,0.4328,0.0054,True,NO_ACTION,6.865
2026-05-13T16:14:51.830528,MIRM,BUY,0.4319,0.0054,True,NO_ACTION,112.24
2026-05-13T16:14:51.830668,SLS,BUY,0.4312,0.0054,True,NO_ACTION,5.77
2026-05-13T16:14:51.830812,RIGL,BUY,0.429,0.0054,True,NO_ACTION,31.75
2026-05-13T16:14:51.830956,TIGR,BUY,0.4263,0.0054,True,NO_ACTION,6.605
2026-05-13T16:14:51.831111,VOYG,BUY,0.4263,0.0054,True,NO_ACTION,34.08
2026-05-13T16:14:51.831260,NNDM,BUY,0.4257,0.0054,True,NO_ACTION,1.715
2026-05-13T16:14:51.831437,CCCC,BUY,0.4249,0.0054,True,NO_ACTION,3.865
2026-05-13T16:14:51.831582,SVC,BUY,0.4244,0.0054,True,NO_ACTION,1.695
2026-05-13T16:14:51.831736,PSIX,BUY,0.4236,0.0054,True,NO_ACTION,44.17
2026-05-13T16:14:51.831880,KDK,BUY,0.4214,0.0054,True,NO_ACTION,8.41
2026-05-13T16:14:51.832030,VELO,BUY,0.4192,0.0054,True,NO_ACTION,20.16
2026-05-13T16:14:51.832173,NXT,BUY,0.4189,0.0054,True,NO_ACTION,140.055
2026-05-13T16:14:51.832322,MBLY,BUY,0.4184,0.0054,True,NO_ACTION,9.905
2026-05-13T16:14:51.832493,ST,BUY,0.4184,0.0054,True,NO_ACTION,48.84
2026-05-13T16:14:51.832636,MVST,BUY,0.4181,0.0054,True,NO_ACTION,1.615
2026-05-13T16:14:51.832785,CMPS,BUY,0.4179,0.0054,True,NO_ACTION,10.58
2026-05-13T16:14:51.832931,ABAT,BUY,0.4153,0.0054,True,NO_ACTION,3.49
2026-05-13T16:14:51.833081,RR,BUY,0.4143,0.0054,True,NO_ACTION,2.795
2026-05-13T16:14:51.833224,TSEM,BUY,0.4137,0.0054,True,NO_ACTION,254.355
2026-05-13T16:14:51.833410,VNET,BUY,0.4112,0.0054,True,NO_ACTION,11.315
2026-05-13T16:14:51.833571,OUST,BUY,0.4099,0.0054,True,NO_ACTION,31.87
2026-05-13T16:14:51.833715,CRNC,BUY,0.4077,0.0054,True,NO_ACTION,10.78
2026-05-13T16:14:51.833861,VPG,BUY,0.4076,0.0054,True,NO_ACTION,98.015
2026-05-13T16:14:51.834003,NRGV,BUY,0.4044,0.0054,True,NO_ACTION,5.695
2026-05-13T16:14:51.834144,ON,BUY,0.4021,0.0054,True,NO_ACTION,114.64
2026-05-13T16:14:51.834293,NVCT,BUY,0.4011,0.0054,True,NO_ACTION,11.895
2026-05-13T16:14:51.834466,BIDU,BUY,0.398,0.0054,True,NO_ACTION,149.28
2026-05-13T16:14:51.834609,APPS,BUY,0.3976,0.0054,True,NO_ACTION,4.14
2026-05-13T16:14:51.834752,ENPH,BUY,0.3947,0.0054,True,NO_ACTION,40.84
2026-05-13T16:14:51.834892,PSNL,BUY,0.3946,0.0054,True,NO_ACTION,6.64
2026-05-13T16:14:51.835042,LCID,BUY,0.394,0.0054,True,NO_ACTION,6.545
2026-05-13T16:14:51.835181,MEI,BUY,0.3927,0.0054,True,NO_ACTION,12.23
2026-05-13T16:14:51.835328,CLOV,BUY,0.3912,0.0054,True,NO_ACTION,3.52
2026-05-13T16:14:51.835503,EOSE,BUY,0.3876,0.0054,True,NO_ACTION,8.865
2026-05-13T16:14:51.835643,STM,BUY,0.3872,0.0054,True,NO_ACTION,62.0
2026-05-13T16:14:51.835787,NOK,BUY,0.3813,0.0054,True,NO_ACTION,14.31
2026-05-13T16:14:51.835926,NBIS,BUY,0.3792,0.0054,True,NO_ACTION,208.79
2026-05-13T16:14:51.836074,HYLN,BUY,0.3772,0.0054,True,NO_ACTION,3.275
2026-05-13T16:14:51.836218,AOSL,BUY,0.3771,0.0054,True,NO_ACTION,41.775
2026-05-13T16:14:51.836367,BRUN,BUY,0.372,0.0054,True,NO_ACTION,20.195
2026-05-13T16:14:51.836537,LWLG,BUY,0.3623,0.0054,True,NO_ACTION,17.57
2026-05-13T16:14:51.836675,VSH,BUY,0.3603,0.0054,True,NO_ACTION,37.875
2026-05-13T16:14:51.836819,REPL,BUY,0.3584,0.0054,True,NO_ACTION,4.98
2026-05-13T16:14:51.836957,AUR,BUY,0.3558,0.0054,True,NO_ACTION,7.88
2026-05-13T16:14:51.837100,HIMX,BUY,0.314,0.0054,True,NO_ACTION,20.61
2026-05-13T16:14:51.837255,PENG,BUY,0.3114,0.0054,True,NO_ACTION,48.98
2026-05-13T16:14:51.837437,QUIK,BUY,0.3107,0.0054,True,NO_ACTION,20.185
2026-05-13T16:14:51.837586,WOLF,BUY,0.2668,0.0054,True,NO_ACTION,66.81
2026-05-13T18:55:06.533662,JD,SELL,0.7971,0.0402,True,NO_ACTION,34.22
2026-05-13T18:55:21.256411,KRNT,BUY,0.4831,0.0054,True,BUY_ORDER,17.755
2026-05-13T18:55:21.403428,F,BUY,0.4683,0.0054,True,BUY_ORDER,13.71
2026-05-13T18:55:21.555266,VEON,BUY,0.4635,0.0054,True,BUY_ORDER,54.995
2026-05-13T18:55:21.708197,ORA,BUY,0.4619,0.0054,True,BUY_ORDER,134.37
2026-05-13T18:55:21.708367,BABA,BUY,0.4446,0.0054,True,NO_ACTION,145.885
2026-05-13T18:55:21.708474,GDS,BUY,0.443,0.0054,True,NO_ACTION,45.895
2026-05-13T18:55:21.708598,BCRX,BUY,0.4423,0.0054,True,NO_ACTION,9.68
2026-05-13T18:55:21.708704,BWA,BUY,0.4416,0.0054,True,NO_ACTION,68.0
2026-05-13T18:55:21.708805,ETOR,BUY,0.441,0.0054,True,NO_ACTION,40.725
2026-05-13T18:55:21.708901,KC,BUY,0.4374,0.0054,True,NO_ACTION,18.105
2026-05-13T18:55:21.708997,SLS,BUY,0.4312,0.0054,True,NO_ACTION,6.45
2026-05-13T18:55:21.709090,CCCC,BUY,0.4249,0.0054,True,NO_ACTION,3.77
2026-05-13T18:55:21.709183,PSIX,BUY,0.4236,0.0054,True,NO_ACTION,44.94
2026-05-13T18:55:21.709275,ARQT,BUY,0.4211,0.0054,True,NO_ACTION,21.87
2026-05-13T18:55:21.709369,VELO,BUY,0.4192,0.0054,True,NO_ACTION,20.79
2026-05-13T18:55:21.709466,NXT,BUY,0.4189,0.0054,True,NO_ACTION,139.785
2026-05-13T18:55:21.709576,MBLY,BUY,0.4184,0.0054,True,NO_ACTION,10.44
2026-05-13T18:55:21.709676,MVST,BUY,0.4181,0.0054,True,NO_ACTION,1.545
2026-05-13T18:55:21.709770,OMDA,BUY,0.4166,0.0054,True,NO_ACTION,16.195
2026-05-13T18:55:21.709863,ABAT,BUY,0.4153,0.0054,True,NO_ACTION,3.495
2026-05-13T18:55:21.709954,RR,BUY,0.4143,0.0054,True,NO_ACTION,2.855
2026-05-13T18:55:21.710047,TSEM,BUY,0.4137,0.0054,True,NO_ACTION,262.375
2026-05-13T18:55:21.710138,VNET,BUY,0.4112,0.0054,True,NO_ACTION,11.275
2026-05-13T18:55:21.710229,OUST,BUY,0.4099,0.0054,True,NO_ACTION,34.145
2026-05-13T18:55:21.710321,AEVA,BUY,0.4094,0.0054,True,NO_ACTION,21.51
2026-05-13T18:55:21.710412,VPG,BUY,0.4076,0.0054,True,NO_ACTION,100.6
2026-05-13T18:55:21.710504,TII,BUY,0.4062,0.0054,True,NO_ACTION,3.14
2026-05-13T18:55:21.710613,NVCT,BUY,0.4011,0.0054,True,NO_ACTION,11.88
2026-05-13T18:55:21.710710,NVEC,BUY,0.401,0.0054,True,NO_ACTION,98.415
2026-05-13T18:55:21.710802,BIDU,BUY,0.398,0.0054,True,NO_ACTION,151.71
2026-05-13T18:55:21.710893,PSNL,BUY,0.3946,0.0054,True,NO_ACTION,6.555
2026-05-13T18:55:21.710986,LCID,BUY,0.394,0.0054,True,NO_ACTION,6.62
2026-05-13T18:55:21.711078,MEI,BUY,0.3927,0.0054,True,NO_ACTION,14.97
2026-05-13T18:55:21.711168,CLOV,BUY,0.3912,0.0054,True,NO_ACTION,3.625
2026-05-13T18:55:21.711262,AMBQ,BUY,0.3884,0.0054,True,NO_ACTION,70.08
2026-05-13T18:55:21.711356,EOSE,BUY,0.3876,0.0054,True,NO_ACTION,8.49
2026-05-13T18:55:21.711446,ACMR,BUY,0.3864,0.0054,True,NO_ACTION,65.95
2026-05-13T18:55:21.711535,NBIS,BUY,0.3792,0.0054,True,NO_ACTION,214.9
2026-05-13T18:55:21.711646,HYLN,BUY,0.3772,0.0054,True,NO_ACTION,3.39
2026-05-13T18:55:21.711740,AIP,BUY,0.3736,0.0054,True,NO_ACTION,34.665
2026-05-13T18:55:21.711831,BRUN,BUY,0.372,0.0054,True,NO_ACTION,20.68
2026-05-13T18:55:21.711922,GSIT,BUY,0.3629,0.0054,True,NO_ACTION,12.46
2026-05-13T18:55:21.712011,VSH,BUY,0.3603,0.0054,True,NO_ACTION,39.13
2026-05-13T18:55:21.712099,WYFI,BUY,0.3585,0.0054,True,NO_ACTION,27.38
2026-05-13T18:55:21.712193,REPL,BUY,0.3584,0.0054,True,NO_ACTION,5.345
2026-05-13T18:55:21.712285,EVC,BUY,0.3386,0.0054,True,NO_ACTION,8.945
2026-05-13T18:55:21.712374,FCEL,BUY,0.3266,0.0054,True,NO_ACTION,18.56
2026-05-13T18:55:21.712463,HIMX,BUY,0.314,0.0054,True,NO_ACTION,20.5
2026-05-13T18:55:21.712552,PENG,BUY,0.3114,0.0054,True,NO_ACTION,49.15
2026-05-13T18:55:21.712665,QUIK,BUY,0.3107,0.0054,True,NO_ACTION,21.16
2026-05-13T18:55:21.712755,VLN,BUY,0.2825,0.0054,True,NO_ACTION,2.95
2026-05-13T18:55:21.712845,DGXX,BUY,0.2704,0.0054,True,NO_ACTION,8.88
2026-05-13T18:55:21.712934,WOLF,BUY,0.2668,0.0054,True,NO_ACTION,63.69
2026-05-14T16:05:07.049600,JD,SELL,0.6905,0.0402,True,SELL_ORDER,33.075
2026-05-14T16:05:07.339315,ORA,SELL,0.8379,0.0402,True,SELL_ORDER,133.21
2026-05-14T16:05:25.838692,NL,BUY,0.5129,0.0054,True,BUY_ORDER,6.07
2026-05-14T16:05:25.973603,PLGO,BUY,0.5059,0.0054,True,BUY_ORDER,23.19
2026-05-14T16:05:26.089450,HMC,BUY,0.5055,0.0054,True,BUY_ORDER,25.615
2026-05-14T16:05:26.201068,CVEO,BUY,0.5012,0.0054,True,BUY_ORDER,35.64
2026-05-14T16:05:26.317318,AQST,BUY,0.4861,0.0054,True,BUY_ORDER,4.825
2026-05-14T16:05:26.317533,CSCO,BUY,0.4857,0.0054,True,NO_ACTION,116.455
2026-05-14T16:05:26.317675,TTWO,BUY,0.4814,0.0054,True,NO_ACTION,241.2
2026-05-14T16:05:26.317792,YOOV,BUY,0.4723,0.0054,True,NO_ACTION,1.27
2026-05-14T16:05:26.317899,F,BUY,0.4667,0.0054,True,NO_ACTION,14.6
2026-05-14T16:05:26.318004,KNX,BUY,0.4642,0.0054,True,NO_ACTION,65.795
2026-05-14T16:05:26.318107,CRMD,BUY,0.4613,0.0054,True,NO_ACTION,8.02
2026-05-14T16:05:26.318206,SI,BUY,0.4536,0.0054,True,NO_ACTION,15.53
2026-05-14T16:05:26.318302,AVAH,BUY,0.4512,0.0054,True,NO_ACTION,7.53
2026-05-14T16:05:26.318419,USPH,BUY,0.4452,0.0054,True,NO_ACTION,64.62
2026-05-14T16:05:26.318516,VIK,BUY,0.4425,0.0054,True,NO_ACTION,87.915
2026-05-14T16:05:26.318604,PGEN,BUY,0.4412,0.0054,True,NO_ACTION,4.805
2026-05-14T16:05:26.318698,KLAR,BUY,0.4411,0.0054,True,NO_ACTION,15.97
2026-05-14T16:05:26.318795,FG,BUY,0.4354,0.0054,True,NO_ACTION,29.49
2026-05-14T16:05:26.318887,HPE,BUY,0.4342,0.0054,True,NO_ACTION,34.175
2026-05-14T16:05:26.318980,CPA,BUY,0.4336,0.0054,True,NO_ACTION,130.665
2026-05-14T16:05:26.319070,SHMD,BUY,0.432,0.0054,True,NO_ACTION,6.69
2026-05-14T16:05:26.319162,EYE,BUY,0.4307,0.0054,True,NO_ACTION,18.16
2026-05-14T16:05:26.319247,SLS,BUY,0.4297,0.0054,True,NO_ACTION,7.06
2026-05-14T16:05:26.319338,ARX,BUY,0.424,0.0054,True,NO_ACTION,14.46
2026-05-14T16:05:26.319444,IMSR,BUY,0.4219,0.0054,True,NO_ACTION,8.01
2026-05-14T16:05:26.319551,ZVRA,BUY,0.4207,0.0054,True,NO_ACTION,11.925
2026-05-14T16:05:26.319644,PURR,BUY,0.42,0.0054,True,NO_ACTION,6.98
2026-05-14T16:05:26.319734,PLSE,BUY,0.4193,0.0054,True,NO_ACTION,26.73
2026-05-14T16:05:26.319824,ADUR,BUY,0.4192,0.0054,True,NO_ACTION,13.81
2026-05-14T16:05:26.319914,STRZ,BUY,0.4191,0.0054,True,NO_ACTION,21.59
2026-05-14T16:05:26.320005,ONDS,BUY,0.4181,0.0054,True,NO_ACTION,10.89
2026-05-14T16:05:26.320096,STUB,BUY,0.4177,0.0054,True,NO_ACTION,8.97
2026-05-14T16:05:26.320189,CELC,BUY,0.4175,0.0054,True,NO_ACTION,133.785
2026-05-14T16:05:26.320275,FWDI,BUY,0.4174,0.0054,True,NO_ACTION,5.065
2026-05-14T16:05:26.320387,LUMN,BUY,0.4164,0.0054,True,NO_ACTION,10.98
2026-05-14T16:05:26.320482,ASTS,BUY,0.4161,0.0054,True,NO_ACTION,80.24
2026-05-14T16:05:26.320571,STAA,BUY,0.4136,0.0054,True,NO_ACTION,32.86
2026-05-14T16:05:26.320661,LDI,BUY,0.4126,0.0054,True,NO_ACTION,1.34
2026-05-14T16:05:26.320751,FRMI,BUY,0.4084,0.0054,True,NO_ACTION,7.475
2026-05-14T16:05:26.320840,DRTS,BUY,0.4016,0.0054,True,NO_ACTION,10.31
2026-05-14T16:05:26.320934,FWRD,BUY,0.3988,0.0054,True,NO_ACTION,9.74
2026-05-14T16:05:26.321024,NVCT,BUY,0.3955,0.0054,True,NO_ACTION,12.92
2026-05-14T16:05:26.321113,NBIS,BUY,0.3955,0.0054,True,NO_ACTION,231.305
2026-05-14T16:05:26.321205,RDW,BUY,0.3947,0.0054,True,NO_ACTION,13.89
2026-05-14T16:05:26.321305,ENPH,BUY,0.3936,0.0054,True,NO_ACTION,48.05
2026-05-14T16:05:26.321415,BRUN,BUY,0.3892,0.0054,True,NO_ACTION,24.24
2026-05-14T16:05:26.321506,NBTX,BUY,0.3863,0.0054,True,NO_ACTION,54.77
2026-05-14T16:05:26.321594,QUBT,BUY,0.3831,0.0054,True,NO_ACTION,11.835
2026-05-14T16:05:26.321685,BTBT,BUY,0.3826,0.0054,True,NO_ACTION,2.125
2026-05-14T16:05:26.321777,FIG,BUY,0.3816,0.0054,True,NO_ACTION,20.145
2026-05-14T16:05:26.321867,UMC,BUY,0.3802,0.0054,True,NO_ACTION,17.075
2026-05-14T16:05:26.321957,POET,BUY,0.3722,0.0054,True,NO_ACTION,19.03
2026-05-14T16:05:26.322048,PCT,BUY,0.3714,0.0054,True,NO_ACTION,12.47
2026-05-14T16:05:26.322137,WYFI,BUY,0.3636,0.0054,True,NO_ACTION,29.58
2026-05-14T16:05:26.322229,NVTS,BUY,0.3512,0.0054,True,NO_ACTION,22.85
2026-05-14T16:05:26.322327,KOPN,BUY,0.3091,0.0054,True,NO_ACTION,5.285
2026-05-14T16:05:26.322428,INOD,BUY,0.2985,0.0054,True,NO_ACTION,93.93
2026-05-14T16:05:26.322514,VLN,BUY,0.27,0.0054,True,NO_ACTION,3.27
2026-05-14T16:05:26.322605,WOLF,BUY,0.2651,0.0054,True,NO_ACTION,69.0
2026-05-14T18:53:18.729293,HMC,SELL,0.889,0.0402,True,NO_ACTION,25.655
2026-05-14T18:53:18.972549,PLGO,SELL,0.4642,0.0402,True,NO_ACTION,23.39
2026-05-14T18:53:33.351409,LSAK,BUY,0.5304,0.0054,True,BUY_ORDER,5.225
2026-05-14T18:53:33.480190,NL,BUY,0.5129,0.0054,True,BUY_ORDER,6.455
2026-05-14T18:53:33.608716,CVEO,BUY,0.5012,0.0054,True,BUY_ORDER,35.7
2026-05-14T18:53:33.759183,AQST,BUY,0.4861,0.0054,True,BUY_ORDER,4.735
2026-05-14T18:53:33.889652,CSCO,BUY,0.4857,0.0054,True,BUY_ORDER,115.37
2026-05-14T18:53:33.889827,AHG,BUY,0.4852,0.0054,True,NO_ACTION,2.02
2026-05-14T18:53:33.889954,ELMD,BUY,0.4789,0.0054,True,NO_ACTION,36.295
2026-05-14T18:53:33.890060,JBHT,BUY,0.4691,0.0054,True,NO_ACTION,252.635
2026-05-14T18:53:33.890171,F,BUY,0.4667,0.0054,True,NO_ACTION,14.345
2026-05-14T18:53:33.890275,KNX,BUY,0.4642,0.0054,True,NO_ACTION,67.45
2026-05-14T18:53:33.890400,TEO,BUY,0.4615,0.0054,True,NO_ACTION,12.745
2026-05-14T18:53:33.890500,CRMD,BUY,0.4613,0.0054,True,NO_ACTION,8.11
2026-05-14T18:53:33.890598,SI,BUY,0.4536,0.0054,True,NO_ACTION,15.31
2026-05-14T18:53:33.890706,AVAH,BUY,0.4512,0.0054,True,NO_ACTION,7.395
2026-05-14T18:53:33.890800,USPH,BUY,0.4452,0.0054,True,NO_ACTION,64.72
2026-05-14T18:53:33.890912,VIK,BUY,0.4425,0.0054,True,NO_ACTION,87.42
2026-05-14T18:53:33.891028,PGEN,BUY,0.4412,0.0054,True,NO_ACTION,4.78
2026-05-14T18:53:33.891134,KLAR,BUY,0.4411,0.0054,True,NO_ACTION,16.16
2026-05-14T18:53:33.891242,CVLG,BUY,0.4376,0.0054,True,NO_ACTION,33.73
2026-05-14T18:53:33.891392,EYE,BUY,0.4307,0.0054,True,NO_ACTION,17.965
2026-05-14T18:53:33.891492,SLS,BUY,0.4297,0.0054,True,NO_ACTION,7.625
2026-05-14T18:53:33.891583,AMRC,BUY,0.4287,0.0054,True,NO_ACTION,33.185
2026-05-14T18:53:33.891676,CLBT,BUY,0.4271,0.0054,True,NO_ACTION,13.005
2026-05-14T18:53:33.891775,FENC,BUY,0.4253,0.0054,True,NO_ACTION,9.115
2026-05-14T18:53:33.891883,ARX,BUY,0.424,0.0054,True,NO_ACTION,14.94
2026-05-14T18:53:33.891989,IMSR,BUY,0.4219,0.0054,True,NO_ACTION,8.26
2026-05-14T18:53:33.892089,ZVRA,BUY,0.4207,0.0054,True,NO_ACTION,11.815
2026-05-14T18:53:33.892198,PURR,BUY,0.42,0.0054,True,NO_ACTION,7.13
2026-05-14T18:53:33.892294,PLSE,BUY,0.4193,0.0054,True,NO_ACTION,26.84
2026-05-14T18:53:33.892411,ADUR,BUY,0.4192,0.0054,True,NO_ACTION,14.31
2026-05-14T18:53:33.892513,ONDS,BUY,0.4181,0.0054,True,NO_ACTION,11.52
2026-05-14T18:53:33.892621,STUB,BUY,0.4177,0.0054,True,NO_ACTION,8.795
2026-05-14T18:53:33.892734,FWDI,BUY,0.4174,0.0054,True,NO_ACTION,5.075
2026-05-14T18:53:33.892832,LUMN,BUY,0.4164,0.0054,True,NO_ACTION,10.585
2026-05-14T18:53:33.892938,STAA,BUY,0.4136,0.0054,True,NO_ACTION,32.14
2026-05-14T18:53:33.893038,FRMI,BUY,0.4084,0.0054,True,NO_ACTION,7.24
2026-05-14T18:53:33.893136,FWRD,BUY,0.3988,0.0054,True,NO_ACTION,9.61
2026-05-14T18:53:33.893251,RDW,BUY,0.3947,0.0054,True,NO_ACTION,13.92
2026-05-14T18:53:33.893376,ENPH,BUY,0.3936,0.0054,True,NO_ACTION,47.41
2026-05-14T18:53:33.893476,BRUN,BUY,0.3892,0.0054,True,NO_ACTION,24.99
2026-05-14T18:53:33.893564,NBTX,BUY,0.3863,0.0054,True,NO_ACTION,54.77
2026-05-14T18:53:33.893654,QUBT,BUY,0.3831,0.0054,True,NO_ACTION,12.0
2026-05-14T18:53:33.893746,CLFD,BUY,0.3739,0.0054,True,NO_ACTION,46.205
2026-05-14T18:53:33.893831,POET,BUY,0.3722,0.0054,True,NO_ACTION,19.86
2026-05-14T18:53:33.893916,PCT,BUY,0.3714,0.0054,True,NO_ACTION,12.175
2026-05-14T18:53:33.894001,WYFI,BUY,0.3636,0.0054,True,NO_ACTION,29.015
2026-05-14T18:53:33.894095,VLN,BUY,0.27,0.0054,True,NO_ACTION,3.45
2026-05-14T18:53:33.894189,WOLF,BUY,0.2651,0.0054,True,NO_ACTION,68.43
2026-05-15T15:56:36.281436,CSCO,SELL,0.8192,0.0402,True,SELL_ORDER,116.35
2026-05-15T15:56:36.420895,HMC,SELL,0.7539,0.0402,True,SELL_ORDER,26.4
2026-05-15T15:56:36.558482,PLGO,SELL,0.9818,0.0402,True,SELL_ORDER,23.2
2026-05-15T15:56:42.537999,NL,BUY,0.5109,0.0054,True,BUY_ORDER,7.335
2026-05-15T15:56:42.559805,DXCM,BUY,0.4546,0.0054,True,BUY_ORDER,61.64
2026-05-15T15:56:42.587437,KARO,BUY,0.4513,0.0054,True,BUY_ORDER,46.91
2026-05-15T15:56:42.587633,IVVD,BUY,0.4481,0.0054,True,NO_ACTION,1.26
2026-05-15T15:56:42.587775,BLND,BUY,0.4395,0.0054,True,NO_ACTION,1.445
2026-05-15T15:56:42.587907,MICC,BUY,0.4349,0.0054,True,NO_ACTION,16.585
2026-05-15T15:56:42.588039,SEDG,BUY,0.4314,0.0054,True,NO_ACTION,57.56
2026-05-15T15:56:42.588163,GETY,BUY,0.4291,0.0054,True,NO_ACTION,0.8774
2026-05-15T15:56:42.588301,DOCS,BUY,0.4266,0.0054,True,NO_ACTION,19.11
2026-05-15T15:56:42.588431,ARX,BUY,0.4243,0.0054,True,NO_ACTION,15.36
2026-05-15T15:56:42.588554,RXO,BUY,0.4225,0.0054,True,NO_ACTION,19.15
2026-05-15T15:56:42.588667,HUBS,BUY,0.4145,0.0054,True,NO_ACTION,195.91
2026-05-15T15:56:42.588794,GLOB,BUY,0.4087,0.0054,True,NO_ACTION,38.45
2026-05-15T15:56:42.588917,SPIR,BUY,0.4072,0.0054,True,NO_ACTION,19.14
2026-05-15T15:56:42.589034,SIDU,BUY,0.4058,0.0054,True,NO_ACTION,4.0
2026-05-15T15:56:42.589160,FIG,BUY,0.3856,0.0054,True,NO_ACTION,22.21
2026-05-15T15:56:42.589300,GEMI,BUY,0.3842,0.0054,True,NO_ACTION,5.495
2026-05-15T15:56:42.589416,ENPH,BUY,0.3821,0.0054,True,NO_ACTION,50.79
2026-05-15T15:56:42.589541,SATL,BUY,0.3777,0.0054,True,NO_ACTION,9.0
2026-05-15T15:56:42.589667,HYLN,BUY,0.3599,0.0054,True,NO_ACTION,4.25
2026-05-15T15:56:42.589792,BAND,BUY,0.2464,0.0054,True,NO_ACTION,55.02
2026-05-15T18:21:08.547124,DXCM,SELL,0.6766,0.0402,True,NO_ACTION,61.37
2026-05-15T18:21:12.544505,NL,BUY,0.5109,0.0054,True,BUY_ORDER,8.08
2026-05-15T18:21:12.632725,GDEV,BUY,0.4959,0.0054,True,BUY_ORDER,16.2
2026-05-15T18:21:12.632947,IVVD,BUY,0.4481,0.0054,True,NO_ACTION,1.24
2026-05-15T18:21:12.633091,MICC,BUY,0.4349,0.0054,True,NO_ACTION,16.585
2026-05-15T18:21:12.633230,SEDG,BUY,0.4314,0.0054,True,NO_ACTION,61.26
2026-05-15T18:21:12.633374,FENC,BUY,0.4309,0.0054,True,NO_ACTION,9.79
2026-05-15T18:21:12.633495,GETY,BUY,0.4291,0.0054,True,NO_ACTION,0.8654
2026-05-15T18:21:12.633621,STRZ,BUY,0.4204,0.0054,True,NO_ACTION,23.73
2026-05-15T18:21:12.633733,GLOB,BUY,0.4087,0.0054,True,NO_ACTION,38.38
2026-05-15T18:21:12.633862,SIDU,BUY,0.4058,0.0054,True,NO_ACTION,4.09
2026-05-15T18:21:12.633984,DXC,BUY,0.4036,0.0054,True,NO_ACTION,8.8
2026-05-15T18:21:12.634097,FIG,BUY,0.3856,0.0054,True,NO_ACTION,23.34
2026-05-15T18:21:12.634223,GEMI,BUY,0.3842,0.0054,True,NO_ACTION,5.73
2026-05-15T18:21:12.634345,ENPH,BUY,0.3821,0.0054,True,NO_ACTION,53.53
2026-05-15T18:21:12.634479,HYLN,BUY,0.3599,0.0054,True,NO_ACTION,4.57
2026-05-15T18:21:12.634603,DGXX,BUY,0.2311,0.0054,True,NO_ACTION,7.585
2026-05-18T16:43:53.505515,D,BUY,0.5241,0.0054,True,BUY_ORDER,67.415
2026-05-18T16:43:53.650431,GDEV,BUY,0.497,0.0054,True,BUY_ORDER,16.2
2026-05-18T16:43:53.798462,BOC,BUY,0.4953,0.0054,True,BUY_ORDER,12.095
2026-05-18T16:43:53.949161,BRC,BUY,0.4678,0.0054,True,BUY_ORDER,82.28
2026-05-18T16:43:54.102098,YPF,BUY,0.4556,0.0054,True,BUY_ORDER,47.03
2026-05-18T16:43:54.102297,RAMP,BUY,0.4508,0.0054,True,NO_ACTION,37.79
2026-05-18T16:43:54.102496,BIO,BUY,0.4435,0.0054,True,NO_ACTION,274.21
2026-05-18T16:43:54.102661,AUTL,BUY,0.4216,0.0054,True,NO_ACTION,1.885
2026-05-18T16:43:54.102834,GETY,BUY,0.4211,0.0054,True,NO_ACTION,0.9577
2026-05-18T16:43:54.103021,ZETA,BUY,0.4206,0.0054,True,NO_ACTION,18.63
2026-05-18T16:43:54.103184,ELMD,BUY,0.4193,0.0054,True,NO_ACTION,37.99
2026-05-18T16:43:54.103343,TOYO,BUY,0.4187,0.0054,True,NO_ACTION,14.37
2026-05-18T16:43:54.103501,SAIL,BUY,0.4184,0.0054,True,NO_ACTION,14.3
2026-05-18T16:43:54.103652,NOW,BUY,0.4158,0.0054,True,NO_ACTION,101.895
2026-05-18T16:43:54.103800,BL,BUY,0.4008,0.0054,True,NO_ACTION,30.35
2026-05-18T16:43:54.103967,TE,BUY,0.4008,0.0054,True,NO_ACTION,6.635
2026-05-18T16:43:54.104122,HIVE,BUY,0.4005,0.0054,True,NO_ACTION,3.345
2026-05-18T16:43:54.104268,FLY,BUY,0.3849,0.0054,True,NO_ACTION,42.89
2026-05-18T16:43:54.104412,CD,BUY,0.381,0.0054,True,NO_ACTION,9.17
2026-05-18T16:43:54.104556,DXYZ,BUY,0.3408,0.0054,True,NO_ACTION,50.7
2026-05-18T18:29:59.252433,BRC,SELL,0.5942,0.0402,True,NO_ACTION,83.515
2026-05-18T18:29:59.382678,YPF,SELL,0.6404,0.0402,True,NO_ACTION,46.97
2026-05-18T18:30:05.841489,D,BUY,0.5241,0.0054,True,BUY_ORDER,67.21
2026-05-18T18:30:05.896515,BOC,BUY,0.4953,0.0054,True,BUY_ORDER,12.28
2026-05-18T18:30:05.939826,RAMP,BUY,0.4508,0.0054,True,BUY_ORDER,37.755
2026-05-18T18:30:05.940047,BIO,BUY,0.4435,0.0054,True,NO_ACTION,279.28
2026-05-18T18:30:05.940186,CMPR,BUY,0.4319,0.0054,True,NO_ACTION,99.91
2026-05-18T18:30:05.940311,SHMD,BUY,0.4233,0.0054,True,NO_ACTION,7.03
2026-05-18T18:30:05.940433,AUTL,BUY,0.4216,0.0054,True,NO_ACTION,1.845
2026-05-18T18:30:05.940558,GETY,BUY,0.4211,0.0054,True,NO_ACTION,0.987
2026-05-18T18:30:05.940677,ELMD,BUY,0.4193,0.0054,True,NO_ACTION,37.99
2026-05-18T18:30:05.940793,LPTH,BUY,0.419,0.0054,True,NO_ACTION,12.23
2026-05-18T18:30:05.940907,TOYO,BUY,0.4187,0.0054,True,NO_ACTION,14.24
2026-05-18T18:30:05.941044,NOW,BUY,0.4158,0.0054,True,NO_ACTION,103.29
2026-05-18T18:30:05.941160,BL,BUY,0.4008,0.0054,True,NO_ACTION,30.015
2026-05-18T18:30:05.941274,TE,BUY,0.4008,0.0054,True,NO_ACTION,6.545
2026-05-18T18:30:05.941386,HIVE,BUY,0.4005,0.0054,True,NO_ACTION,3.415
2026-05-18T18:30:05.941497,PTRN,BUY,0.3996,0.0054,True,NO_ACTION,17.66
2026-05-18T18:30:05.941607,STUB,BUY,0.3896,0.0054,True,NO_ACTION,9.39
2026-05-18T18:30:05.941719,CD,BUY,0.381,0.0054,True,NO_ACTION,9.51
2026-05-18T18:30:05.941831,DXYZ,BUY,0.3408,0.0054,True,NO_ACTION,50.855
2026-05-19T16:45:06.246380,D,SELL,0.7499,0.0402,True,SELL_ORDER,68.25
2026-05-19T16:45:06.459788,RAMP,SELL,0.72,0.0402,True,SELL_ORDER,37.745
2026-05-19T16:45:06.741265,YPF,SELL,0.4047,0.0402,True,SELL_ORDER,47.46
2026-05-19T16:45:13.710426,MLP,BUY,0.5162,0.0054,True,BUY_ORDER,15.73
2026-05-19T16:45:13.794471,CEPT,BUY,0.4988,0.0054,True,BUY_ORDER,12.78
2026-05-19T16:45:13.882106,SOHU,BUY,0.4869,0.0054,True,BUY_ORDER,14.33
2026-05-19T16:45:13.969333,CMBT,BUY,0.4761,0.0054,True,BUY_ORDER,16.87
2026-05-19T16:45:14.055900,PHOE,BUY,0.4581,0.0054,True,BUY_ORDER,19.62
2026-05-19T16:45:14.056083,ENHA,BUY,0.4562,0.0054,True,NO_ACTION,5.42
2026-05-19T16:45:14.056203,BEKE,BUY,0.4488,0.0054,True,NO_ACTION,18.855
2026-05-19T16:45:14.056310,LWAY,BUY,0.4405,0.0054,True,NO_ACTION,25.08
2026-05-19T16:45:14.056418,SFM,BUY,0.4369,0.0054,True,NO_ACTION,92.735
2026-05-19T16:45:14.056516,AGYS,BUY,0.4369,0.0054,True,NO_ACTION,79.38
2026-05-19T16:45:14.056637,REPX,BUY,0.4336,0.0054,True,NO_ACTION,40.55
2026-05-19T16:45:14.056742,RERE,BUY,0.4296,0.0054,True,NO_ACTION,5.025
2026-05-19T16:45:14.056842,LODE,BUY,0.4278,0.0054,True,NO_ACTION,4.025
2026-05-19T16:45:14.056941,BKKT,BUY,0.4255,0.0054,True,NO_ACTION,10.245
2026-05-19T16:45:14.057040,RLAY,BUY,0.4219,0.0054,True,NO_ACTION,12.97
2026-05-19T16:45:14.057139,RXO,BUY,0.4155,0.0054,True,NO_ACTION,20.73
2026-05-19T16:45:14.057235,PBT,BUY,0.4155,0.0054,True,NO_ACTION,31.33
2026-05-19T16:45:14.057344,PURR,BUY,0.4103,0.0054,True,NO_ACTION,7.465
2026-05-19T16:45:14.057450,CERS,BUY,0.407,0.0054,True,NO_ACTION,2.805
2026-05-19T16:45:14.057573,VUZI,BUY,0.4029,0.0054,True,NO_ACTION,4.095
2026-05-19T16:45:14.057681,APPS,BUY,0.3961,0.0054,True,NO_ACTION,4.47
2026-05-19T16:45:14.057785,OABI,BUY,0.3594,0.0054,True,NO_ACTION,2.445
2026-05-19T18:58:37.407442,CEPT,SELL,0.7776,0.0402,True,NO_ACTION,12.735
2026-05-19T18:58:37.641053,SOHU,SELL,0.757,0.0402,True,NO_ACTION,14.32
2026-05-19T18:58:42.696649,MLP,BUY,0.5162,0.0054,True,BUY_ORDER,15.73
2026-05-19T18:58:42.819431,CMBT,BUY,0.4761,0.0054,True,BUY_ORDER,16.655
2026-05-19T18:58:42.939838,PHOE,BUY,0.4581,0.0054,True,BUY_ORDER,19.62
2026-05-19T18:58:42.940028,BEKE,BUY,0.4488,0.0054,True,NO_ACTION,18.825
2026-05-19T18:58:42.940169,LWAY,BUY,0.4405,0.0054,True,NO_ACTION,25.52
2026-05-19T18:58:42.940319,AGYS,BUY,0.4369,0.0054,True,NO_ACTION,78.725
2026-05-19T18:58:42.940452,REPX,BUY,0.4336,0.0054,True,NO_ACTION,40.72
2026-05-19T18:58:42.940577,RERE,BUY,0.4296,0.0054,True,NO_ACTION,4.99
2026-05-19T18:58:42.940691,LODE,BUY,0.4278,0.0054,True,NO_ACTION,3.955
2026-05-19T18:58:42.940834,BKKT,BUY,0.4255,0.0054,True,NO_ACTION,9.91
2026-05-19T18:58:42.940960,RXO,BUY,0.4155,0.0054,True,NO_ACTION,20.82
2026-05-19T18:58:42.941079,PURR,BUY,0.4103,0.0054,True,NO_ACTION,7.79
2026-05-19T18:58:42.941206,VUZI,BUY,0.4029,0.0054,True,NO_ACTION,4.005
2026-05-19T18:58:42.941345,APPS,BUY,0.3961,0.0054,True,NO_ACTION,4.225
2026-05-20T16:45:13.465034,CEPT,SELL,0.6757,0.0402,True,SELL_ORDER,12.965
2026-05-20T16:45:23.014020,KELYA,BUY,0.5111,0.0054,True,BUY_ORDER,10.31
2026-05-20T16:45:23.070821,AAPG,BUY,0.5058,0.0054,True,BUY_ORDER,18.985
2026-05-20T16:45:23.134011,CCEC,BUY,0.504,0.0054,True,BUY_ORDER,20.14
2026-05-20T16:45:23.212665,BURL,BUY,0.4841,0.0054,True,BUY_ORDER,305.44
2026-05-20T16:45:23.279531,LPG,BUY,0.4816,0.0054,True,BUY_ORDER,47.395
2026-05-20T16:45:23.279739,ROIV,BUY,0.4814,0.0054,True,NO_ACTION,32.3
2026-05-20T16:45:23.279878,DB,BUY,0.4639,0.0054,True,NO_ACTION,32.68
2026-05-20T16:45:23.280006,RNW,BUY,0.4574,0.0054,True,NO_ACTION,5.645
2026-05-20T16:45:23.280127,ARCO,BUY,0.4429,0.0054,True,NO_ACTION,8.69
2026-05-20T16:45:23.280284,IMVT,BUY,0.439,0.0054,True,NO_ACTION,35.71
2026-05-20T16:45:23.280411,KURA,BUY,0.4319,0.0054,True,NO_ACTION,9.96
2026-05-20T16:45:23.280529,HMY,BUY,0.428,0.0054,True,NO_ACTION,17.385
2026-05-20T16:45:23.280647,TATT,BUY,0.4277,0.0054,True,NO_ACTION,40.075
2026-05-20T16:45:23.280765,LCTX,BUY,0.4272,0.0054,True,NO_ACTION,1.3
2026-05-20T16:45:23.280881,BBBY,BUY,0.4252,0.0054,True,NO_ACTION,5.19
2026-05-20T16:45:23.280995,MNPR,BUY,0.4235,0.0054,True,NO_ACTION,60.355
2026-05-20T16:45:23.281110,CCL,BUY,0.4225,0.0054,True,NO_ACTION,25.83
2026-05-20T16:45:23.281249,LSCC,BUY,0.4201,0.0054,True,NO_ACTION,132.33
2026-05-20T16:45:23.281369,RXO,BUY,0.4171,0.0054,True,NO_ACTION,24.16
2026-05-20T16:45:23.281513,JHX,BUY,0.4169,0.0054,True,NO_ACTION,19.925
2026-05-20T16:45:23.281646,ONTO,BUY,0.4157,0.0054,True,NO_ACTION,260.99
2026-05-20T16:45:23.281773,PURR,BUY,0.4148,0.0054,True,NO_ACTION,8.215
2026-05-20T16:45:23.281890,CLSK,BUY,0.4133,0.0054,True,NO_ACTION,15.85
2026-05-20T16:45:23.282006,ARM,BUY,0.413,0.0054,True,NO_ACTION,255.42
2026-05-20T16:45:23.282117,ZURA,BUY,0.4119,0.0054,True,NO_ACTION,4.22
2026-05-20T16:45:23.282255,ALAB,BUY,0.4014,0.0054,True,NO_ACTION,278.0
2026-05-20T16:45:23.282373,CTEV,BUY,0.396,0.0054,True,NO_ACTION,20.665
2026-05-20T16:45:23.282487,DRTS,BUY,0.3919,0.0054,True,NO_ACTION,11.275
2026-05-20T16:45:23.282603,BLDP,BUY,0.39,0.0054,True,NO_ACTION,4.665
2026-05-20T16:45:23.282715,HIVE,BUY,0.3854,0.0054,True,NO_ACTION,3.96
2026-05-20T16:45:23.282825,VUZI,BUY,0.377,0.0054,True,NO_ACTION,4.46
2026-05-20T16:45:23.282935,TE,BUY,0.3759,0.0054,True,NO_ACTION,8.995
2026-05-20T16:45:23.283045,QUIK,BUY,0.3744,0.0054,True,NO_ACTION,19.91
2026-05-20T16:45:23.283156,SLS,BUY,0.3666,0.0054,True,NO_ACTION,8.7
2026-05-20T16:45:23.283293,OABI,BUY,0.3619,0.0054,True,NO_ACTION,2.565
2026-05-20T16:45:23.283406,POET,BUY,0.3015,0.0054,True,NO_ACTION,13.885
2026-05-20T16:45:23.283513,FCEL,BUY,0.2723,0.0054,True,NO_ACTION,19.23
2026-05-20T19:22:43.284632,BURL,SELL,0.5452,0.0402,True,NO_ACTION,306.47
2026-05-20T19:22:43.405660,KELYA,SELL,0.0883,0.0402,True,NO_ACTION,10.31
2026-05-20T19:22:49.738364,AAPG,BUY,0.5058,0.0054,True,BUY_ORDER,18.985
2026-05-20T19:22:49.762290,CEPT,BUY,0.5007,0.0054,True,BUY_ORDER,13.3
2026-05-20T19:22:49.788713,LPG,BUY,0.4816,0.0054,True,BUY_ORDER,46.93
2026-05-20T19:22:49.809968,ROIV,BUY,0.4814,0.0054,True,BUY_ORDER,32.48
2026-05-20T19:22:49.842005,GMAB,BUY,0.4777,0.0054,True,BUY_ORDER,27.28
2026-05-20T19:22:49.842188,ARCO,BUY,0.4429,0.0054,True,NO_ACTION,8.99
2026-05-20T19:22:49.842324,IMVT,BUY,0.439,0.0054,True,NO_ACTION,35.84
2026-05-20T19:22:49.842461,ORBS,BUY,0.4388,0.0054,True,NO_ACTION,0.9563
2026-05-20T19:22:49.842602,KURA,BUY,0.4319,0.0054,True,NO_ACTION,10.275
2026-05-20T19:22:49.842751,TATT,BUY,0.4277,0.0054,True,NO_ACTION,39.4
2026-05-20T19:22:49.842889,MLYS,BUY,0.4201,0.0054,True,NO_ACTION,27.98
2026-05-20T19:22:49.843013,RXO,BUY,0.4171,0.0054,True,NO_ACTION,23.6
2026-05-20T19:22:49.843146,JHX,BUY,0.4169,0.0054,True,NO_ACTION,20.315
2026-05-20T19:22:49.843269,DSGN,BUY,0.4158,0.0054,True,NO_ACTION,11.185
2026-05-20T19:22:49.843388,ARM,BUY,0.413,0.0054,True,NO_ACTION,253.33
2026-05-20T19:22:49.843508,XNDU,BUY,0.408,0.0054,True,NO_ACTION,14.33
2026-05-20T19:22:49.843629,CYRX,BUY,0.4006,0.0054,True,NO_ACTION,14.11
2026-05-20T19:22:49.843769,DRTS,BUY,0.3919,0.0054,True,NO_ACTION,11.24
2026-05-20T19:22:49.843895,BLDP,BUY,0.39,0.0054,True,NO_ACTION,4.705
2026-05-20T19:22:49.844012,HIVE,BUY,0.3854,0.0054,True,NO_ACTION,3.88
2026-05-20T19:22:49.844129,VUZI,BUY,0.377,0.0054,True,NO_ACTION,4.505
2026-05-20T19:22:49.844244,TE,BUY,0.3759,0.0054,True,NO_ACTION,8.825
2026-05-20T19:22:49.844359,SLS,BUY,0.3666,0.0054,True,NO_ACTION,8.955
2026-05-20T19:22:49.844473,RDW,BUY,0.365,0.0054,True,NO_ACTION,14.65
2026-05-20T19:22:49.844591,FCEL,BUY,0.2723,0.0054,True,NO_ACTION,20.17
